-- --------------------------------------------------------
-- Host:                         127.0.0.1
-- Versión del servidor:         10.4.22-MariaDB - mariadb.org binary distribution
-- SO del servidor:              Win64
-- HeidiSQL Versión:             12.1.0.6537
-- --------------------------------------------------------

/*!40101 SET @OLD_CHARACTER_SET_CLIENT=@@CHARACTER_SET_CLIENT */;
/*!40101 SET NAMES utf8 */;
/*!50503 SET NAMES utf8mb4 */;
/*!40103 SET @OLD_TIME_ZONE=@@TIME_ZONE */;
/*!40103 SET TIME_ZONE='+00:00' */;
/*!40014 SET @OLD_FOREIGN_KEY_CHECKS=@@FOREIGN_KEY_CHECKS, FOREIGN_KEY_CHECKS=0 */;
/*!40101 SET @OLD_SQL_MODE=@@SQL_MODE, SQL_MODE='NO_AUTO_VALUE_ON_ZERO' */;
/*!40111 SET @OLD_SQL_NOTES=@@SQL_NOTES, SQL_NOTES=0 */;


-- Volcando estructura de base de datos para pizzeria
DROP DATABASE IF EXISTS `pizzeria`;
CREATE DATABASE IF NOT EXISTS `pizzeria` /*!40100 DEFAULT CHARACTER SET utf8 */;
USE `pizzeria`;

-- Volcando estructura para tabla pizzeria.botiga
DROP TABLE IF EXISTS `botiga`;
CREATE TABLE IF NOT EXISTS `botiga` (
  `id` int(11) NOT NULL AUTO_INCREMENT,
  `adresa` varchar(45) NOT NULL,
  `cp` varchar(10) NOT NULL,
  `localitat` varchar(45) NOT NULL,
  `provincia` varchar(45) NOT NULL,
  PRIMARY KEY (`id`)
) ENGINE=InnoDB AUTO_INCREMENT=11 DEFAULT CHARSET=utf8;

-- Volcando datos para la tabla pizzeria.botiga: ~10 rows (aproximadamente)
INSERT INTO `botiga` (`id`, `adresa`, `cp`, `localitat`, `provincia`) VALUES
	(1, '9656 Fuller Junction', '11380', 'Bergen', 'La Escondida'),
	(2, '32 Melrose Place', '60231', 'Sexmoan', 'Careva Ćuprija'),
	(3, '15 Northview Hill', '95717', 'Quinta', 'Lincheng'),
	(4, '1 Paget Court', '11058', 'Dourados', 'Gif-sur-Yvette'),
	(5, '756 Monterey Park', '69418', 'Dushang', 'Cimuncang'),
	(6, '040 Eastlawn Junction', '93423', 'Ourinhos', 'Hirosaki'),
	(7, '07 Bowman Alley', '66922', 'Meitang', 'Baoping'),
	(8, '6607 Johnson Plaza', '22604', 'Gaoqiu', 'Eastern Suburbs Mc'),
	(9, '0 Rutledge Hill', '31133', 'Yongfeng', 'Vertientes'),
	(10, '1 Vidon Court', '75429', 'Indaial', 'San Isidro');

-- Volcando estructura para tabla pizzeria.categories_pizza
DROP TABLE IF EXISTS `categories_pizza`;
CREATE TABLE IF NOT EXISTS `categories_pizza` (
  `id` int(11) NOT NULL AUTO_INCREMENT,
  `nom` varchar(45) NOT NULL,
  PRIMARY KEY (`id`)
) ENGINE=InnoDB AUTO_INCREMENT=7 DEFAULT CHARSET=utf8;

-- Volcando datos para la tabla pizzeria.categories_pizza: ~4 rows (aproximadamente)
INSERT INTO `categories_pizza` (`id`, `nom`) VALUES
	(1, 'picante'),
	(2, 'exotica'),
	(3, 'vegana'),
	(4, 'vegetal');

-- Volcando estructura para tabla pizzeria.client
DROP TABLE IF EXISTS `client`;
CREATE TABLE IF NOT EXISTS `client` (
  `id` int(11) NOT NULL AUTO_INCREMENT,
  `nom` varchar(25) NOT NULL,
  `cognoms` varchar(45) NOT NULL,
  `adresa` varchar(100) NOT NULL,
  `cp` varchar(10) NOT NULL,
  `localitat` varchar(45) NOT NULL,
  `provincia` varchar(45) NOT NULL,
  `telefono` varchar(15) NOT NULL,
  PRIMARY KEY (`id`)
) ENGINE=InnoDB AUTO_INCREMENT=51 DEFAULT CHARSET=utf8;

-- Volcando datos para la tabla pizzeria.client: ~50 rows (aproximadamente)
INSERT INTO `client` (`id`, `nom`, `cognoms`, `adresa`, `cp`, `localitat`, `provincia`, `telefono`) VALUES
	(1, 'Juditha', 'Daviot', 'Kedzie', '56450', 'Tarragona', 'Cataluna', '9377032069'),
	(2, 'Dale', 'Jedrzejewicz', 'Lyons', '10513', 'Lleida', 'Cataluna', '2166346536'),
	(3, 'Ange', 'Thistleton', 'Kingsford', '7303', 'Girona', 'Cataluna', '8312385473'),
	(4, 'Oran', 'Vosper', 'Ruskin', '87700', 'Girona', 'Cataluna', '2283710619'),
	(5, 'Kacy', 'Boldero', 'School', '18954', 'Girona', 'Cataluna', '4731173263'),
	(6, 'Lorilee', 'Hardstaff', 'Warrior', '97650', 'Barcelona', 'Cataluna', '7287247544'),
	(7, 'Justis', 'Spring', 'Mandrake', '57312', 'Girona', 'Cataluna', '4833083009'),
	(8, 'Dana', 'Rowena', 'Continental', '46678', 'Lleida', 'Cataluna', '2317263694'),
	(9, 'Heinrik', 'Signorelli', 'Pennsylvania', '45547', 'Hospitalet De Llobregat, L\'', 'Cataluna', '9668423801'),
	(10, 'Jason', 'Duchart', 'Holmberg', '71796', 'Girona', 'Cataluna', '5592384694'),
	(11, 'Lemuel', 'Elleton', 'Vermont', '63409', 'Barcelona', 'Cataluna', '4247389239'),
	(12, 'Dwight', 'Kynvin', 'Eggendart', '41587', 'Girona', 'Cataluna', '3155951948'),
	(13, 'Creighton', 'Edsell', 'Crownhardt', '1787', 'Tarragona', 'Cataluna', '3346858426'),
	(14, 'Clive', 'Dorey', 'Oak', '64565', 'Lleida', 'Cataluna', '2843522579'),
	(15, 'Holly', 'Ringer', 'Portage', '72787', 'Lleida', 'Cataluna', '8421188213'),
	(16, 'Irwinn', 'Gannicleff', 'Gerald', '25174', 'Hospitalet De Llobregat, L\'', 'Cataluna', '6454537337'),
	(17, 'Harv', 'Druery', 'Fairfield', '40402', 'Barcelona', 'Cataluna', '9021345015'),
	(18, 'Quillan', 'Week', 'Killdeer', '41701', 'Sabadell', 'Cataluna', '6241717360'),
	(19, 'Petronilla', 'Barca', 'Hermina', '15281', 'Lleida', 'Cataluna', '7087161964'),
	(20, 'Idette', 'Statton', 'Eliot', '61177', 'Girona', 'Cataluna', '4952206690'),
	(21, 'Norma', 'McRoberts', 'Thierer', '90454', 'Tarragona', 'Cataluna', '9897190470'),
	(22, 'Nananne', 'Quiddihy', 'Tennessee', '65338', 'Barcelona', 'Cataluna', '4841101996'),
	(23, 'Jessika', 'Swate', 'Bayside', '13920', 'Lleida', 'Cataluna', '4037140047'),
	(24, 'Rickert', 'Lardez', 'Brown', '17689', 'Tarragona', 'Cataluna', '6035831628'),
	(25, 'Nicole', 'Abrahamoff', 'Veith', '88920', 'Lleida', 'Cataluna', '6451868805'),
	(26, 'Yevette', 'Labba', 'Southridge', '42268', 'Hospitalet De Llobregat, L\'', 'Cataluna', '5283392344'),
	(27, 'Cordie', 'Carlile', 'Lotheville', '89173', 'Lleida', 'Cataluna', '4024276927'),
	(28, 'Inez', 'Woolger', '7th', '63308', 'Lleida', 'Cataluna', '2976549009'),
	(29, 'Shannah', 'Belchamber', 'Moose', '72860', 'Sant Cugat Del Valles', 'Cataluna', '6774438206'),
	(30, 'Desiree', 'Walster', 'Northland', '75343', 'Hospitalet De Llobregat, L\'', 'Cataluna', '6701058308'),
	(31, 'Amandi', 'Balderston', 'Atwood', '73374', 'Sabadell', 'Cataluna', '4764333555'),
	(32, 'Curtis', 'Bridgeland', 'Hoepker', '79377', 'Hospitalet De Llobregat, L\'', 'Cataluna', '3154718985'),
	(33, 'Trace', 'Kunc', 'Karstens', '94677', 'Sant Cugat Del Valles', 'Cataluna', '7912426394'),
	(34, 'Ronnie', 'Lawther', 'Nobel', '75826', 'Sabadell', 'Cataluna', '1497390055'),
	(35, 'Patrick', 'Shadfourth', 'Loftsgordon', '4067', 'Hospitalet De Llobregat, L\'', 'Cataluna', '4852885688'),
	(36, 'Spike', 'Heninghem', 'Sutteridge', '3069', 'Sabadell', 'Cataluna', '7143541025'),
	(37, 'Gillan', 'Gianneschi', 'Daystar', '14162', 'Barcelona', 'Cataluna', '4901556549'),
	(38, 'Pincus', 'Rippon', 'Garrison', '29107', 'Tarragona', 'Cataluna', '9685946285'),
	(39, 'Phillie', 'Goodwell', 'Schmedeman', '23950', 'Barcelona', 'Cataluna', '6101166206'),
	(40, 'Sibilla', 'Roseblade', 'Becker', '21586', 'Sant Cugat Del Valles', 'Cataluna', '5768059166'),
	(41, 'Pierrette', 'Steketee', 'Buhler', '54953', 'Barcelona', 'Cataluna', '4992109199'),
	(42, 'Pam', 'Cunliffe', 'Shoshone', '52155', 'Lleida', 'Cataluna', '9148830840'),
	(43, 'Thomasin', 'Dellenbrok', 'Bartillon', '38738', 'Girona', 'Cataluna', '6653028698'),
	(44, 'Octavius', 'Payne', 'Garrison', '14848', 'Tarragona', 'Cataluna', '8074214608'),
	(45, 'Renate', 'Petrol', 'Nova', '80776', 'Lleida', 'Cataluna', '9478533309'),
	(46, 'Dalli', 'Carik', 'Arizona', '45818', 'Barcelona', 'Cataluna', '8834541961'),
	(47, 'Elsey', 'Staining', 'Almo', '3448', 'Lleida', 'Cataluna', '1143751268'),
	(48, 'Norman', 'Fellgate', 'Arapahoe', '19586', 'Sant Cugat Del Valles', 'Cataluna', '4244250117'),
	(49, 'Jacquette', 'MacCarlich', 'Sutteridge', '22463', 'Lleida', 'Cataluna', '6938871675'),
	(50, 'Cinderella', 'Starbeck', 'Cascade', '98321', 'Girona', 'Cataluna', '7214163479');

-- Volcando estructura para tabla pizzeria.comandes
DROP TABLE IF EXISTS `comandes`;
CREATE TABLE IF NOT EXISTS `comandes` (
  `id` int(11) NOT NULL AUTO_INCREMENT,
  `client_id` int(11) NOT NULL,
  `data` datetime NOT NULL,
  `recollida` varchar(10) NOT NULL,
  `preu_total` float(6,4) NOT NULL,
  `repartidor` int(11) DEFAULT NULL,
  PRIMARY KEY (`id`)
) ENGINE=InnoDB AUTO_INCREMENT=101 DEFAULT CHARSET=utf8;

-- Volcando datos para la tabla pizzeria.comandes: ~100 rows (aproximadamente)
INSERT INTO `comandes` (`id`, `client_id`, `data`, `recollida`, `preu_total`, `repartidor`) VALUES
	(1, 5, '2022-05-21 05:52:57', 'botiga', 28.3800, NULL),
	(2, 8, '2022-02-16 03:20:31', 'botiga', 54.8200, NULL),
	(3, 13, '2022-05-21 03:14:08', 'botiga', 21.7300, NULL),
	(4, 28, '2022-04-19 08:10:50', 'botiga', 38.2300, NULL),
	(5, 5, '2022-05-25 07:16:17', 'domicili', 71.3500, 2),
	(6, 29, '2022-07-29 02:33:52', 'domicili', 57.7900, 9),
	(7, 27, '2022-01-08 09:35:08', 'domicili', 73.1200, 26),
	(8, 23, '2022-09-20 22:46:08', 'botiga', 63.2300, NULL),
	(9, 34, '2022-05-15 08:12:22', 'botiga', 28.9600, NULL),
	(10, 28, '2022-10-04 04:21:57', 'domicili', 21.3000, 8),
	(11, 15, '2022-06-27 03:18:00', 'botiga', 74.1900, NULL),
	(12, 44, '2022-02-23 01:37:26', 'botiga', 70.2500, NULL),
	(13, 45, '2022-06-14 21:29:31', 'domicili', 48.1000, 27),
	(14, 47, '2022-10-03 13:25:31', 'domicili', 79.1400, 9),
	(15, 39, '2022-09-05 22:20:48', 'botiga', 49.6700, NULL),
	(16, 3, '2022-01-14 00:41:12', 'botiga', 31.7600, NULL),
	(17, 36, '2022-05-28 22:26:48', 'botiga', 63.2100, NULL),
	(18, 47, '2022-04-25 17:56:57', 'botiga', 54.8800, NULL),
	(19, 28, '2022-04-05 14:34:51', 'domicili', 71.1300, 14),
	(20, 50, '2022-03-13 09:33:31', 'botiga', 73.7000, NULL),
	(21, 21, '2022-01-03 01:28:48', 'domicili', 69.0700, 24),
	(22, 48, '2022-07-18 04:28:13', 'domicili', 74.5800, 11),
	(23, 22, '2022-06-09 09:49:51', 'botiga', 59.5100, NULL),
	(24, 44, '2022-10-09 03:03:11', 'domicili', 61.7600, 15),
	(25, 46, '2022-06-16 07:50:29', 'domicili', 54.6900, 12),
	(26, 5, '2022-07-14 01:42:58', 'botiga', 30.9400, NULL),
	(27, 17, '2022-02-13 14:37:23', 'botiga', 33.7600, NULL),
	(28, 32, '2022-05-27 12:22:10', 'domicili', 23.2900, 9),
	(29, 44, '2022-04-06 16:44:18', 'domicili', 73.7400, 8),
	(30, 19, '2022-02-25 15:12:19', 'domicili', 55.4100, 12),
	(31, 32, '2022-03-30 17:27:41', 'botiga', 53.0500, NULL),
	(32, 4, '2022-01-01 14:53:26', 'domicili', 70.8100, 20),
	(33, 5, '2022-09-09 09:42:37', 'domicili', 51.6300, 14),
	(34, 26, '2022-02-03 11:35:07', 'domicili', 35.4400, 17),
	(35, 28, '2022-03-27 03:16:15', 'domicili', 33.4500, 30),
	(36, 18, '2022-04-23 06:55:36', 'domicili', 41.3500, 20),
	(37, 9, '2022-09-15 13:36:11', 'botiga', 26.8200, NULL),
	(38, 30, '2022-02-06 10:37:08', 'botiga', 22.7900, NULL),
	(39, 34, '2022-04-08 07:59:31', 'botiga', 58.6500, NULL),
	(40, 12, '2022-08-21 15:26:02', 'domicili', 69.4200, 24),
	(41, 42, '2022-03-07 03:27:34', 'domicili', 39.5200, 5),
	(42, 11, '2022-09-27 01:33:44', 'botiga', 22.8200, NULL),
	(43, 2, '2022-09-27 19:58:09', 'botiga', 70.3700, NULL),
	(44, 24, '2022-05-02 12:17:08', 'botiga', 37.3300, NULL),
	(45, 12, '2022-05-09 02:06:08', 'domicili', 45.1300, 9),
	(46, 31, '2022-09-27 00:03:43', 'botiga', 21.3400, NULL),
	(47, 45, '2022-02-21 15:28:07', 'domicili', 60.8700, 11),
	(48, 26, '2022-08-03 19:50:20', 'botiga', 56.7000, NULL),
	(49, 7, '2022-06-09 19:54:59', 'domicili', 26.4900, 5),
	(50, 37, '2022-02-01 21:52:10', 'domicili', 21.2600, 2),
	(51, 44, '2022-07-26 08:42:01', 'domicili', 66.0800, 23),
	(52, 37, '2022-10-05 12:22:03', 'domicili', 44.5100, 26),
	(53, 18, '2022-01-02 17:19:21', 'botiga', 53.9000, NULL),
	(54, 40, '2022-08-16 21:27:58', 'domicili', 60.5600, 18),
	(55, 41, '2022-10-07 10:42:55', 'domicili', 60.4900, 27),
	(56, 15, '2022-05-07 01:33:04', 'domicili', 76.3500, 27),
	(57, 11, '2022-05-14 21:40:11', 'domicili', 62.8300, 3),
	(58, 33, '2022-04-27 09:31:24', 'botiga', 28.6500, NULL),
	(59, 38, '2022-02-17 08:22:51', 'botiga', 72.0800, NULL),
	(60, 21, '2022-06-12 10:22:15', 'domicili', 40.5000, 20),
	(61, 17, '2022-06-24 20:54:40', 'domicili', 62.6300, 14),
	(62, 19, '2022-02-01 18:00:44', 'botiga', 35.5800, NULL),
	(63, 42, '2022-08-16 16:59:30', 'domicili', 73.5500, 21),
	(64, 40, '2022-01-06 00:20:52', 'botiga', 77.8600, NULL),
	(65, 26, '2022-02-21 10:48:41', 'botiga', 51.8700, NULL),
	(66, 26, '2022-06-13 06:46:50', 'domicili', 60.6800, 20),
	(67, 25, '2022-08-26 20:36:31', 'domicili', 28.9300, 9),
	(68, 27, '2022-02-22 22:10:02', 'botiga', 23.2800, NULL),
	(69, 14, '2022-02-13 22:26:24', 'botiga', 74.3200, NULL),
	(70, 41, '2022-05-02 15:03:21', 'botiga', 55.3300, NULL),
	(71, 45, '2022-01-30 03:15:29', 'domicili', 32.6900, 26),
	(72, 26, '2022-05-21 05:58:41', 'botiga', 54.9900, NULL),
	(73, 15, '2022-03-04 19:01:59', 'domicili', 52.6300, 14),
	(74, 21, '2022-04-01 02:57:25', 'botiga', 49.1000, NULL),
	(75, 9, '2022-09-25 03:26:57', 'domicili', 47.5800, 18),
	(76, 15, '2022-05-30 19:56:04', 'domicili', 66.8400, 30),
	(77, 30, '2022-05-25 14:38:19', 'botiga', 29.7600, NULL),
	(78, 1, '2022-03-30 02:51:57', 'botiga', 30.8600, NULL),
	(79, 23, '2022-05-18 19:58:01', 'botiga', 73.7200, NULL),
	(80, 26, '2022-01-08 10:14:41', 'domicili', 52.5400, 11),
	(81, 27, '2022-09-25 10:05:03', 'domicili', 48.9600, 21),
	(82, 26, '2022-05-06 19:01:45', 'domicili', 26.0400, 9),
	(83, 35, '2022-09-27 19:13:22', 'botiga', 26.2800, NULL),
	(84, 7, '2022-08-29 13:41:39', 'botiga', 41.6500, NULL),
	(85, 3, '2022-02-14 16:50:50', 'domicili', 41.4500, 15),
	(86, 18, '2022-05-13 06:26:59', 'domicili', 65.3000, 5),
	(87, 46, '2022-10-02 11:12:42', 'domicili', 27.3100, 21),
	(88, 32, '2022-05-30 22:41:25', 'domicili', 23.3400, 5),
	(89, 46, '2022-02-09 11:31:31', 'botiga', 38.6500, NULL),
	(90, 19, '2022-05-11 02:45:49', 'botiga', 29.6800, NULL),
	(91, 19, '2022-08-23 16:02:23', 'botiga', 25.9600, NULL),
	(92, 3, '2022-01-14 03:47:21', 'botiga', 72.0300, NULL),
	(93, 26, '2022-01-22 13:30:22', 'domicili', 66.4200, 3),
	(94, 36, '2022-06-03 11:15:27', 'domicili', 65.5300, 27),
	(95, 37, '2022-10-11 00:32:30', 'domicili', 47.7900, 3),
	(96, 6, '2022-01-11 05:57:20', 'botiga', 74.7700, NULL),
	(97, 7, '2022-05-09 02:43:13', 'domicili', 55.0300, 21),
	(98, 16, '2022-09-07 21:53:04', 'botiga', 54.9700, NULL),
	(99, 22, '2022-02-26 22:14:24', 'botiga', 28.9200, NULL),
	(100, 45, '2022-09-17 01:23:11', 'domicili', 51.9000, 23);

-- Volcando estructura para tabla pizzeria.comandes_productes
DROP TABLE IF EXISTS `comandes_productes`;
CREATE TABLE IF NOT EXISTS `comandes_productes` (
  `id` int(11) NOT NULL AUTO_INCREMENT,
  `comanda_id` int(11) NOT NULL,
  `producte_id` int(11) NOT NULL,
  PRIMARY KEY (`id`)
) ENGINE=InnoDB AUTO_INCREMENT=501 DEFAULT CHARSET=utf8;

-- Volcando datos para la tabla pizzeria.comandes_productes: ~500 rows (aproximadamente)
INSERT INTO `comandes_productes` (`id`, `comanda_id`, `producte_id`) VALUES
	(1, 44, 12),
	(2, 52, 17),
	(3, 20, 3),
	(4, 66, 24),
	(5, 24, 25),
	(6, 47, 14),
	(7, 49, 30),
	(8, 39, 6),
	(9, 4, 5),
	(10, 33, 24),
	(11, 62, 13),
	(12, 40, 9),
	(13, 39, 25),
	(14, 20, 4),
	(15, 73, 19),
	(16, 18, 27),
	(17, 61, 24),
	(18, 43, 24),
	(19, 94, 5),
	(20, 88, 1),
	(21, 89, 28),
	(22, 5, 2),
	(23, 72, 15),
	(24, 25, 28),
	(25, 98, 18),
	(26, 49, 16),
	(27, 35, 5),
	(28, 48, 28),
	(29, 50, 22),
	(30, 48, 25),
	(31, 9, 15),
	(32, 24, 18),
	(33, 1, 3),
	(34, 47, 22),
	(35, 6, 16),
	(36, 76, 4),
	(37, 13, 3),
	(38, 98, 21),
	(39, 92, 23),
	(40, 36, 7),
	(41, 81, 26),
	(42, 48, 6),
	(43, 25, 26),
	(44, 92, 27),
	(45, 33, 10),
	(46, 59, 6),
	(47, 14, 17),
	(48, 32, 29),
	(49, 73, 3),
	(50, 4, 27),
	(51, 72, 23),
	(52, 31, 4),
	(53, 31, 30),
	(54, 78, 5),
	(55, 30, 2),
	(56, 12, 30),
	(57, 84, 10),
	(58, 1, 2),
	(59, 65, 1),
	(60, 85, 2),
	(61, 7, 14),
	(62, 62, 1),
	(63, 77, 5),
	(64, 29, 17),
	(65, 86, 24),
	(66, 83, 17),
	(67, 74, 28),
	(68, 61, 26),
	(69, 94, 8),
	(70, 89, 8),
	(71, 49, 16),
	(72, 28, 29),
	(73, 2, 23),
	(74, 71, 24),
	(75, 41, 27),
	(76, 74, 8),
	(77, 80, 28),
	(78, 16, 26),
	(79, 95, 30),
	(80, 93, 1),
	(81, 29, 20),
	(82, 21, 11),
	(83, 49, 15),
	(84, 7, 19),
	(85, 34, 30),
	(86, 26, 2),
	(87, 58, 30),
	(88, 46, 29),
	(89, 38, 26),
	(90, 81, 17),
	(91, 59, 28),
	(92, 97, 23),
	(93, 47, 17),
	(94, 97, 26),
	(95, 79, 25),
	(96, 18, 30),
	(97, 94, 29),
	(98, 66, 5),
	(99, 34, 8),
	(100, 70, 17),
	(101, 93, 13),
	(102, 4, 25),
	(103, 95, 9),
	(104, 82, 2),
	(105, 85, 12),
	(106, 37, 24),
	(107, 65, 24),
	(108, 14, 8),
	(109, 92, 22),
	(110, 4, 10),
	(111, 50, 3),
	(112, 72, 28),
	(113, 62, 2),
	(114, 80, 20),
	(115, 86, 17),
	(116, 73, 21),
	(117, 56, 27),
	(118, 40, 21),
	(119, 96, 4),
	(120, 98, 24),
	(121, 39, 29),
	(122, 75, 11),
	(123, 83, 11),
	(124, 55, 11),
	(125, 94, 16),
	(126, 89, 17),
	(127, 68, 30),
	(128, 77, 23),
	(129, 18, 12),
	(130, 54, 29),
	(131, 99, 30),
	(132, 51, 16),
	(133, 42, 18),
	(134, 90, 5),
	(135, 75, 7),
	(136, 86, 8),
	(137, 47, 1),
	(138, 63, 22),
	(139, 80, 8),
	(140, 83, 5),
	(141, 52, 4),
	(142, 8, 3),
	(143, 27, 29),
	(144, 49, 18),
	(145, 48, 5),
	(146, 13, 13),
	(147, 66, 11),
	(148, 78, 25),
	(149, 72, 8),
	(150, 61, 28),
	(151, 61, 25),
	(152, 84, 23),
	(153, 64, 10),
	(154, 15, 6),
	(155, 21, 2),
	(156, 70, 14),
	(157, 63, 30),
	(158, 36, 13),
	(159, 1, 20),
	(160, 20, 27),
	(161, 30, 5),
	(162, 98, 3),
	(163, 23, 18),
	(164, 97, 11),
	(165, 35, 2),
	(166, 74, 9),
	(167, 21, 29),
	(168, 98, 25),
	(169, 75, 22),
	(170, 53, 19),
	(171, 100, 14),
	(172, 27, 6),
	(173, 21, 9),
	(174, 82, 18),
	(175, 6, 4),
	(176, 96, 4),
	(177, 10, 7),
	(178, 51, 6),
	(179, 54, 18),
	(180, 78, 23),
	(181, 17, 28),
	(182, 55, 10),
	(183, 71, 5),
	(184, 46, 25),
	(185, 78, 3),
	(186, 51, 12),
	(187, 35, 6),
	(188, 68, 28),
	(189, 54, 24),
	(190, 22, 16),
	(191, 51, 15),
	(192, 79, 30),
	(193, 6, 7),
	(194, 71, 4),
	(195, 8, 4),
	(196, 17, 22),
	(197, 58, 25),
	(198, 65, 11),
	(199, 62, 12),
	(200, 85, 13),
	(201, 88, 1),
	(202, 14, 6),
	(203, 97, 12),
	(204, 79, 19),
	(205, 92, 18),
	(206, 85, 30),
	(207, 75, 23),
	(208, 8, 5),
	(209, 26, 1),
	(210, 66, 1),
	(211, 14, 7),
	(212, 84, 28),
	(213, 13, 20),
	(214, 5, 10),
	(215, 91, 16),
	(216, 80, 10),
	(217, 60, 30),
	(218, 12, 27),
	(219, 14, 22),
	(220, 87, 12),
	(221, 50, 21),
	(222, 49, 1),
	(223, 65, 2),
	(224, 8, 21),
	(225, 13, 11),
	(226, 57, 18),
	(227, 41, 9),
	(228, 30, 12),
	(229, 63, 27),
	(230, 52, 24),
	(231, 25, 20),
	(232, 56, 22),
	(233, 61, 2),
	(234, 10, 15),
	(235, 28, 10),
	(236, 44, 6),
	(237, 54, 27),
	(238, 32, 1),
	(239, 79, 3),
	(240, 7, 29),
	(241, 60, 26),
	(242, 75, 17),
	(243, 28, 22),
	(244, 63, 29),
	(245, 63, 10),
	(246, 40, 5),
	(247, 72, 16),
	(248, 21, 11),
	(249, 86, 10),
	(250, 80, 30),
	(251, 87, 17),
	(252, 99, 7),
	(253, 9, 17),
	(254, 87, 18),
	(255, 83, 5),
	(256, 96, 19),
	(257, 52, 16),
	(258, 40, 2),
	(259, 6, 13),
	(260, 92, 6),
	(261, 69, 7),
	(262, 73, 28),
	(263, 73, 26),
	(264, 75, 1),
	(265, 14, 6),
	(266, 70, 3),
	(267, 89, 10),
	(268, 16, 28),
	(269, 21, 10),
	(270, 14, 16),
	(271, 75, 10),
	(272, 75, 28),
	(273, 90, 22),
	(274, 84, 12),
	(275, 61, 13),
	(276, 93, 4),
	(277, 11, 7),
	(278, 50, 22),
	(279, 23, 21),
	(280, 33, 16),
	(281, 68, 5),
	(282, 12, 12),
	(283, 33, 10),
	(284, 62, 12),
	(285, 97, 2),
	(286, 36, 11),
	(287, 74, 6),
	(288, 22, 11),
	(289, 41, 20),
	(290, 31, 24),
	(291, 53, 22),
	(292, 14, 11),
	(293, 93, 10),
	(294, 33, 11),
	(295, 78, 18),
	(296, 98, 18),
	(297, 47, 13),
	(298, 29, 30),
	(299, 80, 19),
	(300, 98, 5),
	(301, 90, 5),
	(302, 58, 5),
	(303, 45, 28),
	(304, 73, 20),
	(305, 50, 11),
	(306, 47, 4),
	(307, 4, 16),
	(308, 49, 26),
	(309, 25, 7),
	(310, 90, 29),
	(311, 86, 30),
	(312, 65, 3),
	(313, 73, 22),
	(314, 88, 18),
	(315, 45, 2),
	(316, 5, 20),
	(317, 78, 4),
	(318, 8, 19),
	(319, 58, 7),
	(320, 76, 5),
	(321, 81, 17),
	(322, 89, 10),
	(323, 74, 8),
	(324, 22, 12),
	(325, 95, 25),
	(326, 46, 13),
	(327, 92, 27),
	(328, 21, 6),
	(329, 37, 25),
	(330, 80, 23),
	(331, 66, 30),
	(332, 31, 13),
	(333, 57, 6),
	(334, 65, 15),
	(335, 97, 8),
	(336, 90, 24),
	(337, 46, 2),
	(338, 49, 28),
	(339, 73, 28),
	(340, 84, 1),
	(341, 23, 26),
	(342, 66, 15),
	(343, 22, 10),
	(344, 83, 14),
	(345, 77, 28),
	(346, 16, 24),
	(347, 4, 29),
	(348, 1, 6),
	(349, 48, 6),
	(350, 92, 25),
	(351, 71, 5),
	(352, 44, 21),
	(353, 14, 23),
	(354, 50, 25),
	(355, 81, 25),
	(356, 64, 14),
	(357, 82, 5),
	(358, 81, 10),
	(359, 54, 26),
	(360, 71, 5),
	(361, 1, 25),
	(362, 8, 22),
	(363, 51, 19),
	(364, 52, 10),
	(365, 85, 8),
	(366, 84, 11),
	(367, 77, 4),
	(368, 21, 17),
	(369, 66, 5),
	(370, 82, 9),
	(371, 7, 13),
	(372, 50, 11),
	(373, 78, 8),
	(374, 72, 12),
	(375, 27, 2),
	(376, 24, 27),
	(377, 62, 10),
	(378, 58, 8),
	(379, 95, 4),
	(380, 75, 25),
	(381, 74, 16),
	(382, 23, 8),
	(383, 12, 29),
	(384, 90, 17),
	(385, 21, 14),
	(386, 58, 21),
	(387, 25, 27),
	(388, 62, 9),
	(389, 70, 11),
	(390, 7, 4),
	(391, 72, 25),
	(392, 42, 28),
	(393, 71, 11),
	(394, 2, 7),
	(395, 79, 20),
	(396, 92, 2),
	(397, 30, 2),
	(398, 95, 21),
	(399, 94, 19),
	(400, 36, 1),
	(401, 10, 6),
	(402, 21, 8),
	(403, 6, 5),
	(404, 23, 16),
	(405, 55, 30),
	(406, 44, 4),
	(407, 61, 6),
	(408, 78, 15),
	(409, 10, 17),
	(410, 84, 8),
	(411, 48, 2),
	(412, 79, 22),
	(413, 16, 8),
	(414, 47, 20),
	(415, 58, 3),
	(416, 19, 18),
	(417, 41, 13),
	(418, 8, 3),
	(419, 50, 14),
	(420, 92, 11),
	(421, 82, 29),
	(422, 86, 20),
	(423, 37, 11),
	(424, 95, 3),
	(425, 44, 19),
	(426, 94, 14),
	(427, 33, 2),
	(428, 70, 6),
	(429, 87, 11),
	(430, 39, 5),
	(431, 61, 14),
	(432, 96, 23),
	(433, 70, 17),
	(434, 99, 6),
	(435, 93, 22),
	(436, 15, 5),
	(437, 39, 3),
	(438, 87, 22),
	(439, 84, 22),
	(440, 29, 17),
	(441, 87, 9),
	(442, 59, 8),
	(443, 36, 12),
	(444, 77, 27),
	(445, 65, 16),
	(446, 71, 5),
	(447, 2, 1),
	(448, 61, 6),
	(449, 44, 3),
	(450, 1, 12),
	(451, 47, 11),
	(452, 31, 28),
	(453, 16, 14),
	(454, 82, 10),
	(455, 85, 14),
	(456, 1, 11),
	(457, 61, 4),
	(458, 72, 8),
	(459, 6, 9),
	(460, 74, 21),
	(461, 86, 27),
	(462, 16, 5),
	(463, 28, 16),
	(464, 61, 19),
	(465, 64, 3),
	(466, 25, 27),
	(467, 36, 23),
	(468, 25, 26),
	(469, 4, 2),
	(470, 57, 21),
	(471, 82, 20),
	(472, 46, 26),
	(473, 93, 22),
	(474, 53, 22),
	(475, 62, 18),
	(476, 61, 5),
	(477, 42, 2),
	(478, 68, 7),
	(479, 11, 11),
	(480, 94, 8),
	(481, 34, 30),
	(482, 86, 21),
	(483, 5, 11),
	(484, 16, 22),
	(485, 62, 18),
	(486, 30, 15),
	(487, 23, 7),
	(488, 20, 24),
	(489, 57, 23),
	(490, 19, 10),
	(491, 78, 27),
	(492, 65, 25),
	(493, 95, 1),
	(494, 23, 3),
	(495, 49, 2),
	(496, 59, 12),
	(497, 72, 7),
	(498, 60, 25),
	(499, 35, 30),
	(500, 60, 9);

-- Volcando estructura para tabla pizzeria.empleat
DROP TABLE IF EXISTS `empleat`;
CREATE TABLE IF NOT EXISTS `empleat` (
  `id` int(11) NOT NULL AUTO_INCREMENT,
  `nom` varchar(45) NOT NULL,
  `cognoms` varchar(45) NOT NULL,
  `nif` varchar(10) NOT NULL,
  `telefon` varchar(15) NOT NULL,
  `tipus` varchar(15) NOT NULL,
  `botiga_id` int(11) NOT NULL,
  PRIMARY KEY (`id`)
) ENGINE=InnoDB AUTO_INCREMENT=31 DEFAULT CHARSET=utf8;

-- Volcando datos para la tabla pizzeria.empleat: ~30 rows (aproximadamente)
INSERT INTO `empleat` (`id`, `nom`, `cognoms`, `nif`, `telefon`, `tipus`, `botiga_id`) VALUES
	(1, 'Zarah', 'Colquete', '193240289-', '1129374706', 'cuiner', 1),
	(2, 'Gilligan', 'Jurges', '099031428-', '5504628516', 'repartidor', 1),
	(3, 'Nadeen', 'Ahrend', '333824529-', '7278312534', 'repartidor', 1),
	(4, 'Jacinta', 'Grichukhin', '194546976-', '3537792307', 'cuiner', 2),
	(5, 'Bamby', 'Warrier', '516731642-', '5083238251', 'repartidor', 2),
	(6, 'Elora', 'Avison', '116653515-', '2776479452', 'repartidor', 2),
	(7, 'Marietta', 'Chesney', '100688553-', '9416363285', 'cuiner', 3),
	(8, 'Neila', 'Ludron', '467005618-', '8806262261', 'repartidor', 3),
	(9, 'Jacinthe', 'Dirr', '225036204-', '9404531590', 'repartidor', 3),
	(10, 'Corrinne', 'Marshal', '936171494-', '8684080727', 'cuiner', 4),
	(11, 'Verna', 'Crosskill', '477441942-', '3661877718', 'repartidor', 4),
	(12, 'Benedicta', 'Patridge', '478072892-', '8279193685', 'repartidor', 4),
	(13, 'Myrtie', 'Jimeno', '195937008-', '1157110760', 'cuiner', 5),
	(14, 'Dulcea', 'Hovel', '620316346-', '1778081355', 'repartidor', 5),
	(15, 'Nana', 'Canet', '847500904-', '3726317288', 'repartidor', 5),
	(16, 'Leigh', 'Ecclesall', '817365351-', '2083052547', 'cuiner', 6),
	(17, 'Jojo', 'Widdup', '654405761-', '1198138009', 'repartidor', 6),
	(18, 'Beatriz', 'Offener', '734271055-', '6841822736', 'repartidor', 6),
	(19, 'Adelice', 'Ramsay', '014662394-', '5768530166', 'cuiner', 7),
	(20, 'Lila', 'Neighbour', '456164865-', '8253663710', 'repartidor', 7),
	(21, 'Valentina', 'Rossbrooke', '850078327-', '5066244005', 'repartidor', 7),
	(22, 'Catharine', 'Beccero', '181836877-', '7982195955', 'cuiner', 8),
	(23, 'Danell', 'Moyle', '789220745-', '1615317384', 'repartidor', 8),
	(24, 'Austine', 'Moodey', '816444072-', '9719519858', 'repartidor', 8),
	(25, 'Rona', 'Jeandot', '793821783-', '1642757060', 'cuiner', 9),
	(26, 'Fallon', 'Candlin', '251724666-', '2223010840', 'repartidor', 9),
	(27, 'Eolande', 'Carefull', '251515357-', '9719322738', 'repartidor', 9),
	(28, 'Kathe', 'Leivesley', '384017673-', '6107208433', 'cuiner', 10),
	(29, 'Abbye', 'Lotterington', '570632586-', '1134427308', 'repartidor', 10),
	(30, 'Imojean', 'Sayburn', '268987752-', '8061660508', 'repartidor', 10);

-- Volcando estructura para tabla pizzeria.productes
DROP TABLE IF EXISTS `productes`;
CREATE TABLE IF NOT EXISTS `productes` (
  `id` int(11) NOT NULL AUTO_INCREMENT,
  `nom` varchar(45) NOT NULL,
  `descripcio` varchar(250) NOT NULL,
  `imatge` varchar(100) NOT NULL,
  `preu` float(6,2) NOT NULL,
  `tipus` varchar(15) NOT NULL,
  `categoria_id` int(11) DEFAULT NULL,
  PRIMARY KEY (`id`)
) ENGINE=InnoDB AUTO_INCREMENT=31 DEFAULT CHARSET=utf8;

-- Volcando datos para la tabla pizzeria.productes: ~30 rows (aproximadamente)
INSERT INTO `productes` (`id`, `nom`, `descripcio`, `imatge`, `preu`, `tipus`, `categoria_id`) VALUES
	(1, '4 estacions', 'orci luctus et ultrices posuere cubilia', 'https://robohash.org/reiciendisdoloraliquid.png?size=50x50&set=set1', 9.17, 'pizza', 1),
	(2, 'tropical', 'nam nulla integer pede justo lacinia eget tincidunt eget tempus', 'https://robohash.org/eaquenemotempora.png?size=50x50&set=set1', 16.23, 'pizza', 1),
	(3, 'mallorquina', 'ipsum primis in faucibus orci luctus et ultrices posuere cubilia curae mauris', 'https://robohash.org/quilaboriosamnam.png?size=50x50&set=set1', 18.70, 'pizza', 1),
	(4, 'pernil dolç', 'id sapien in sapien iaculis congue vivamus metus', 'https://robohash.org/abessequi.png?size=50x50&set=set1', 13.37, 'pizza', 1),
	(5, 'barbacoa', 'ligula in lacus curabitur at ipsum ac tellus semper interdum mauris', 'https://robohash.org/itaquenullacumque.png?size=50x50&set=set1', 8.05, 'pizza', 1),
	(6, 'mediterranea', 'suspendisse potenti nullam porttitor lacus at turpis donec posuere', 'https://robohash.org/voluptatesquiamaiores.png?size=50x50&set=set1', 8.99, 'pizza', 1),
	(7, 'terra', 'amet eros suspendisse accumsan tortor quis turpis sed ante', 'https://robohash.org/sapienteofficialaboriosam.png?size=50x50&set=set1', 11.19, 'pizza', 1),
	(8, 'cel', 'eleifend quam a odio in hac habitasse platea', 'https://robohash.org/fugasuntvoluptate.png?size=50x50&set=set1', 7.95, 'pizza', 1),
	(9, 'mar', 'porttitor lacus at turpis donec posuere metus vitae ipsum aliquam non mauris morbi non', 'https://robohash.org/sitadipisciporro.png?size=50x50&set=set1', 9.41, 'pizza', 1),
	(10, 'mexicana', 'cubilia curae nulla dapibus dolor vel est donec odio justo sollicitudin ut', 'https://robohash.org/officiaetet.png?size=50x50&set=set1', 6.81, 'pizza', 1),
	(11, 'sola', 'auctor sed tristique in tempus sit amet sem fusce', 'https://robohash.org/liberoautlaudantium.png?size=50x50&set=set1', 8.32, 'hamburguesa', 1),
	(12, 'gran', 'ultrices posuere cubilia curae donec pharetra magna vestibulum', 'https://robohash.org/voluptatemconsequunturmagnam.png?size=50x50&set=set1', 10.16, 'hamburguesa', 1),
	(13, 'mitjana', 'elementum in hac habitasse platea dictumst morbi vestibulum velit id pretium', 'https://robohash.org/praesentiumullamdolores.png?size=50x50&set=set1', 13.36, 'hamburguesa', 1),
	(14, 'doble', 'morbi a ipsum integer a nibh in quis justo maecenas rhoncus aliquam lacus', 'https://robohash.org/nondoloribusdolorum.png?size=50x50&set=set1', 19.68, 'hamburguesa', 1),
	(15, 'extra', 'augue vestibulum rutrum rutrum neque aenean auctor gravida sem praesent', 'https://robohash.org/quitotamea.png?size=50x50&set=set1', 14.43, 'hamburguesa', 1),
	(16, 'pollo', 'dis parturient montes nascetur ridiculus mus etiam vel augue vestibulum', 'https://robohash.org/eligendiducimusrecusandae.png?size=50x50&set=set1', 17.83, 'hamburguesa', 1),
	(17, 'vegana', 'amet nunc viverra dapibus nulla suscipit ligula in lacus curabitur at ipsum', 'https://robohash.org/nesciuntcupiditateab.png?size=50x50&set=set1', 8.90, 'hamburguesa', 1),
	(18, 'picant', 'metus sapien ut nunc vestibulum ante', 'https://robohash.org/laborumaperiamneque.png?size=50x50&set=set1', 19.23, 'hamburguesa', 1),
	(19, 'americana', 'quis lectus suspendisse potenti in eleifend quam a odio in hac habitasse platea dictumst', 'https://robohash.org/eosminimanumquam.png?size=50x50&set=set1', 12.61, 'hamburguesa', 1),
	(20, 'triple', 'leo maecenas pulvinar lobortis est phasellus', 'https://robohash.org/utvoluptatemexercitationem.png?size=50x50&set=set1', 10.11, 'hamburguesa', 1),
	(21, 'cocacola', 'ante vestibulum ante ipsum primis in faucibus orci luctus et ultrices posuere cubilia curae', 'https://robohash.org/sitquinihil.png?size=50x50&set=set1', 15.05, 'beguda', 1),
	(22, 'fanta llimona', 'dapibus duis at velit eu est congue elementum in hac habitasse platea', 'https://robohash.org/etautquis.png?size=50x50&set=set1', 15.56, 'beguda', 1),
	(23, 'fanta taronja', 'ut dolor morbi vel lectus in quam fringilla rhoncus mauris enim leo rhoncus', 'https://robohash.org/estvoluptatemrecusandae.png?size=50x50&set=set1', 8.31, 'beguda', 1),
	(24, 'cervessa', 'elit proin risus praesent lectus vestibulum quam sapien varius ut blandit', 'https://robohash.org/etexarchitecto.png?size=50x50&set=set1', 12.24, 'beguda', 1),
	(25, 'aquarius', 'nibh quisque id justo sit', 'https://robohash.org/sintmaximecorrupti.png?size=50x50&set=set1', 9.42, 'beguda', 1),
	(26, 'aigua', 'elementum ligula vehicula consequat morbi a ipsum integer', 'https://robohash.org/eosculpaomnis.png?size=50x50&set=set1', 17.05, 'beguda', 1),
	(27, 'sprite', 'a pede posuere nonummy integer non velit donec diam neque vestibulum eget', 'https://robohash.org/consequunturplaceatquas.png?size=50x50&set=set1', 17.76, 'beguda', 1),
	(28, 'cervessa negra', 'posuere nonummy integer non velit donec diam neque vestibulum eget vulputate ut ultrices vel', 'https://robohash.org/doloraliquidillum.png?size=50x50&set=set1', 11.20, 'beguda', 1),
	(29, 'powerate', 'lorem vitae mattis nibh ligula nec sem duis aliquam convallis nunc', 'https://robohash.org/doloribusatvoluptas.png?size=50x50&set=set1', 17.85, 'beguda', 1),
	(30, 'nestea', 'sociis natoque penatibus et magnis dis parturient montes nascetur', 'https://robohash.org/idpossimusquae.png?size=50x50&set=set1', 15.97, 'beguda', 1);

/*!40103 SET TIME_ZONE=IFNULL(@OLD_TIME_ZONE, 'system') */;
/*!40101 SET SQL_MODE=IFNULL(@OLD_SQL_MODE, '') */;
/*!40014 SET FOREIGN_KEY_CHECKS=IFNULL(@OLD_FOREIGN_KEY_CHECKS, 1) */;
/*!40101 SET CHARACTER_SET_CLIENT=@OLD_CHARACTER_SET_CLIENT */;
/*!40111 SET SQL_NOTES=IFNULL(@OLD_SQL_NOTES, 1) */;
